"taskID","userID","objectType","rightCorner","collection","site","toSearch","Lat","Lon","gridRef","dateDiscoveryDay","dateDiscoveryMonth","dateDiscoveryYear","length","width","edge","weight","patina","surface","thickness","other","composition","associations","description","publications","remarks","inputBy","imageURL","flickrURL"
"26245","64","SPEAR FERRULE","I","Private,P. Waterhouse,Yattendon Court,1923","England,Berks.,Yattendon,Yattendon Court,in digging foundations of house,1878","Yattendon, Thatcham, West Berkshire RG18, UK","51.467303","-1.203343000000018","","None","None","1878","66","27","","28.35","dark green mud stained","pitted slightly in places","","","","part of a hoard of 60 pieces","","Proc. Soc. Ant. (2nd S) vii, 480,Evans A.B. Imps,V.C.H Berks i","","Hugh Fiske","https://farm8.staticflickr.com/7523/15705591787_048094e83f_b.jpg","https://www.flickr.com/photos/MicroPasts/15705591787"
"26245","243","SPEAR FERRULE","I,{Red Dot}","Private Collection,1923,Yattendon Court","England,Berks.,Yattendon,Yattendon Court,In digging foundations of house 1878","Yattendon Court, Yattendon, Thatcham, West Berkshire RG18 0UT, UK","51.47201039999999","-1.1910648000000492","","None","None","1878","66","27","","28.35","dark green patina much stained.","pitted slightly in places","","1 side profile drawing of ferrule on reverse.  Width measurement of 27 is at socket?","","part of a hoard of 60 pieces","","Proc. Soc. Ant. (2ndS). VII. 480,Evan's A. B. Imps,V.C.H Berks i","","Jeff Okazaki","https://farm8.staticflickr.com/7523/15705591787_048094e83f_b.jpg","https://www.flickr.com/photos/MicroPasts/15705591787"
"26245","433","Spear Ferrule","I","Private Collection,1923,P. Waterhouse,Yattendon Court","England,Berkshire,Yattendon,Yattendon Court,In digging foundations of house,1878","Yattendon Court, Yattendon, Thatcham, West Berkshire RG18 0UT, UK","51.47201039999999","-1.1910648000000492","","None","None","1878","66","27","","28","Dark green patina, mud stained","Pitted slightly in places","","Weight: 28.35 gms","","Part of a hoard of 60 pieces.","","Proc. Soc. Ant. (2nd S.) VII, 480,Evans, A.B. Implements,VCH Berks, i.","","Joellen mcGann","https://farm8.staticflickr.com/7523/15705591787_048094e83f_b.jpg","https://www.flickr.com/photos/MicroPasts/15705591787"
"26245","473","SPEAR FERRULE","I","Private, 1923, P. Waterhouse, Yattendon Court","England., Berks., Yattendon, Yattendon Court, in digging foundations of house","Yattendon Court, Yattendon, Thatcham, West Berkshire RG18 0UT, UK","51.47201039999999","-1.1910648000000492","","None","None","1878","66","27","","28.35","dark green mud stained.","pitted slightly in places","","","","part of a hoard of 60 pieces","","Proc. Soc. Ant. (2nd S). VII. 480  Evans. A.B. Imp, V.CH Berks i","","Dina Fathalla","https://farm8.staticflickr.com/7523/15705591787_048094e83f_b.jpg","https://www.flickr.com/photos/MicroPasts/15705591787"
"26245","543","Spear Ferrule","a red dot,I","Private,1923,P. Waterhouse, Yattendon Court","England,Berks,Yattendon,Yattendon Court,in digging foundations of house,1878","Yattendon Court, Yattendon, Thatcham, West Berkshire RG18, UK","51.47201039999999","-1.1910648000000492","","None","None","1878","66","27","","28.35","Dark green, mud stained","pitted slightly in places.","","","","part of a hoard of 60 pieces","","Proc. Soc. Ant. (2nd ser) VII 480,Evans, A. B. Imps.,V.C.H. Berks. i","","Jane Fellows","https://farm8.staticflickr.com/7523/15705591787_048094e83f_b.jpg","https://www.flickr.com/photos/MicroPasts/15705591787"
"26245","652","Spear Ferrule","","Private       , , 1923, , P. Waterhouse, , Yatterdon Court","England, Bertes, Mattendon, Yattendon Court, in digging foundations of house, 1878","Yattendon Court, Yattendon, Thatcham, West Berkshire RG18, Ηνωμένο Βασίλειο","51.47201039999999","-1.1910648000000492","I","None","None","None","66","27","","28.35","dark green mud stained","pitted slightly in places","","","","part of a hoard of 60 pieces","","Proc. Soc. Ant. (2nds) VII. 480  Evans A. B. Imp3, , VCH  Bertes i","","Maria Christakou","https://farm8.staticflickr.com/7523/15705591787_048094e83f_b.jpg","https://www.flickr.com/photos/MicroPasts/15705591787"
"26246","64","Ferrule (Frag.)","","Museum of Archaeology & Ethnology, Cambridge,31.393","England,Cambridge,Green End Road, Chesterton","Green End Road, Cambridge, Cambridge CB4 1RN, UK","52.2230698","0.1483915999999681","","None","None","None","","","","","","","","","","Green End Rd. hoard","","VCH. I. 278,PCAS XXXII 59","","Hugh Fiske","https://farm8.staticflickr.com/7494/15269096374_c6776085ae_b.jpg","https://www.flickr.com/photos/MicroPasts/15269096374"
"26246","433","Ferrule (Frag)","","Museum of Archaeology + Ethnology, Cambridge, 31.393","England,Cambridge,Green End Road,Chesterton","Green End Road, Cambridge, Cambridge CB4 1RN, UK","52.2230698","0.1483915999999681","","None","None","None","","","","","","","","","","Green End Road hoard","","VCH, I, 278,PCAS, XXXII, 59","","Joellen mcGann","https://farm8.staticflickr.com/7494/15269096374_c6776085ae_b.jpg","https://www.flickr.com/photos/MicroPasts/15269096374"
"26246","473","Ferrule (Frag).","","Museum of Archaeology + Ethnology, Cambridge, 31.393","England, Cambridge, Green End Road, Chesterton","Green End Road, Cambridge, Chesterton, Cambridge, Cambridgeshire CB4 1RJ, UK","52.2230698","0.1483915999999681","","None","None","None","","","","","","","","","","Green End Rd. hoard","","VCH. I. 278, PCAS. XXXII. 59","","Dina Fathalla","https://farm8.staticflickr.com/7494/15269096374_c6776085ae_b.jpg","https://www.flickr.com/photos/MicroPasts/15269096374"
"26246","543","Ferrule (frag)","a red dot","Museum of Archaeology & Technology, Cambridge, 31.393","England,Cambridge,Chesterton,Green End Road","Green End Road, Cambridge, Chesterton, Cambridge, Cambridgeshire CB4 1RJ, UK","52.2230698","0.1483915999999681","","None","None","None","","","","","","","","VCH - Victoria County History - each series usually has a county associated with it (in this case, probably Cambridge), but that seems to have been omitted from the title of the Publication.","","Green End Rd hoard","","VCH. I. 278,see transcriber note,PCAS XXXII 59","","Jane Fellows","https://farm8.staticflickr.com/7494/15269096374_c6776085ae_b.jpg","https://www.flickr.com/photos/MicroPasts/15269096374"
"26246","652","Ferrule (frag)","","Museum of Archaeology+ EThnology Cambridge, , 31.393","England, Cambridge, Green End Road, Chesterton","Green End Road, Cambridge, Cambridge, Cambridgeshire CB4, Ηνωμένο Βασίλειο","52.2230698","0.1483915999999681","","None","None","None","","","","","","","","","","Green End Rd Hoard","","VCH. I. 278, , PCAS. XXXII. 59","","Maria Christakou","https://farm8.staticflickr.com/7494/15269096374_c6776085ae_b.jpg","https://www.flickr.com/photos/MicroPasts/15269096374"
"26248","64","Ferrule Fragment","","Museum of Archaeology & Ethnology, Cambridge,Purchased by the Cambridge Antiquarian Society April 1919,1919.6","England,Cambridgeshire,Wilburton,In fen land belonging to Mr Oliver Claude Pell,1882","Wilburton, Cambridgeshire, UK","52.352064","0.1766450000000077","","None","None","1882","93","15","","29","green & grey","rough","","","","The Wilburton Hoard","Point broken off. 2 Rivet holes","Archaeologia xlviii 106.,New Cambridge 17 May 1919","","Hugh Fiske","https://farm8.staticflickr.com/7504/15705591757_6f002bddf2_b.jpg","https://www.flickr.com/photos/MicroPasts/15705591757"
"26248","433","Ferrule Fragment","","Museum of Archaeology + Ethnology, Cambridge,Purchased by the Cambridge Antiquarian Society, April 1919,1919.6","England,Cambridgeshire,Wilburton,In fen land belonging to Mr. Oliver Claude Pell,1882","Wilburton, Cambridgeshire, UK","52.352064","0.1766450000000077","","None","None","1882","93","15","","29","Green and grey patina.","Rough","","","","The Wilburton Hoard","Point broken off. 2 Rivet holes.","Archaeologia, xlviii, 106,New Cambridge 17 May 1919","","Joellen mcGann","https://farm8.staticflickr.com/7504/15705591757_6f002bddf2_b.jpg","https://www.flickr.com/photos/MicroPasts/15705591757"
"26248","473","Ferrule fragment","","Museum of Archaeology + Ethnology., Cambridge., Purchased by the Cambridge Antiquarian Society April 1919., 1919.6","England, Cambridgeshire, Wilburton, In fen land belonging to Mr Oliver Claude Pell","Wilburton, Cambridgeshire, UK","52.352064","0.1766450000000077","","None","None","1882","93","15","","29","green + grey","rough","","Bottom left signature: probably ""CM"" or ""CMJ""","","The Wilburton Hoard","Point broken off. 2 Rivet holes","Archaeologia xlviii 106., New Cambridge 17 May 1919.","","Dina Fathalla","https://farm8.staticflickr.com/7504/15705591757_6f002bddf2_b.jpg","https://www.flickr.com/photos/MicroPasts/15705591757"
"26248","543","Ferrule frangment","a red dot","Museum of Archaeology and Ethnology, Cambridge,Purchased by the Cambridge Antiquarian Society, April 1919,1919.6,see transcriber comment","England,Camgridgeshire,Wilburton,In fen land belonging to Mr. Oliver Claude Pell,1882","","52.2230698","0.1483915999999681","","None","None","1882","93","15","","29","green & grey","rough","","Collection - sorry, I mistranscribed ""Museum of Archaeology and Ethnology"" as ""Museum of Archaeology and Technology"" on a the previous card (probably task no. 26247). Publications - Archaeologia X?VIII: I know it looks more like X7VIII, but I'm sure it's XLVIII because vol 48 does contain an article about the Wilburton hoard on p106.","","The Wilburton Hoard","Point broken off. 2 Rivet holes","Archaeologia XLVIII 106,New Cambridge 17 May 1919,see transcriber comment","","Jane Fellows","https://farm8.staticflickr.com/7504/15705591757_6f002bddf2_b.jpg","https://www.flickr.com/photos/MicroPasts/15705591757"
"26248","652","Ferrule fragment","","Museum of Archaeology + Ethnology Cambridge, , Purchased by the Cambridge Antiquarian Society April 1919, , 1919.6","England, Cambridgeshire, Wilburton, In fen land belonging to Mr Oliver Claude Pell, 1882","Wilburton, Cambridgeshire, Ηνωμένο Βασίλειο","52.352064","0.1766450000000077","","None","None","None","93","15","","29","green+grey","rough","","","Point broken off  2 Rivet  holes","The Wilburton Hoard","","Archaeologia X1viii  106, , Nw Cambridge 17 May 1919","","Maria Christakou","https://farm8.staticflickr.com/7504/15705591757_6f002bddf2_b.jpg","https://www.flickr.com/photos/MicroPasts/15705591757"
"26250","64","Ferrule","IVB","Museum of Archaeology, Cambridge,Purchased by the Cambridge Antiquarian Society, April 1919,1919.6","England,Cambridgeshire,Wilburton,In fenland belonging to Mr Oliver Claude Pell,1882","Wilburton, Cambridgeshire, UK","52.352064","0.1766450000000077","","None","None","1882","238","14 to 17","","36,61","several shades of dull brown","slightly rough","15 & under","","","The Wilburton Hoard","point fused off, broken in two, 2 Rivet holes","Archaeologia XLVIII 106,New Cambridge 17 May 1919","","Hugh Fiske","https://farm8.staticflickr.com/7564/15865546546_1c795123f2_b.jpg","https://www.flickr.com/photos/MicroPasts/15865546546"
"26250","433","Ferrule","IVB","Museum of Archaeology, Cambridge,Purchased by the Cambridge Antiquarian Society, April 1919,1919.6","England,Cambridgeshire,Wilburton,In fen land belonging to Mr. Oliver Claude Pell,1882","Wilburton, Cambridgeshire, UK","52.352064","0.1766450000000077","","None","None","1882","238","14","","36","Several shades of dull brown patina","Slightly rough","15","Width: 14mm to 17mm,Thickness: 15mm and under,Weight: 36 gms; 61 gms","","The Wilburton Hoard","Point fused off. Broken in two. 2 Rivet holes.","Archaeologia, XLVIII, 106,New Cambridge, 17 May 1919","","Joellen mcGann","https://farm8.staticflickr.com/7564/15865546546_1c795123f2_b.jpg","https://www.flickr.com/photos/MicroPasts/15865546546"
"26250","473","Ferrule","IVB","Museum of Archaeology., Cambridge., Purchased by the Cambridge Antiquarian Society. April 1919, 1919.6","England, Cambridgeshire, Wilburton, In fen land belonging to Mr Oliver Claude Pell","Wilburton, Cambridgeshire, UK","52.352064","0.1766450000000077","","None","None","1882","238","14 to 17","","36   61","several shades of dull brown","slightly rough","15 + under","Bottom left initials","","The Wilburton Hoard.","point fused off. broken in two. 2 Rivet holes.","Archaeologia XLVIII 106., New Cambridge 17 May 1919.","","Dina Fathalla","https://farm8.staticflickr.com/7564/15865546546_1c795123f2_b.jpg","https://www.flickr.com/photos/MicroPasts/15865546546"
"26250","543","Ferrule","a red dot,IVB","Museum of Archaeology, Cambridge,Purchased by the Cambridge Antiquarian Society, April 1919,1919.6","England,Camgridgeshire,Wilburton,In fen land belonging to Mr. Oliver Claude Pell,1882","Wilburton, Cambridgeshire, UK","52.352064","0.1766450000000077","","None","None","1882","238","min 14,max 17","","36,61,see transcriber comment","several shades of dull brown","slightly rough","max 15","There are two weights recorded on the card, presumably as the item is broken in two (see description), but only one length (the total). I'm not sure if I should have added the two weights together and recorded the total weight so that it corresponds.","","The Wilburton Hoard","Point fused off. Broken in two. 2 Rivet holes","Archaeologia XLVIII 106,New Cambridge 17 May 1919","","Jane Fellows","https://farm8.staticflickr.com/7564/15865546546_1c795123f2_b.jpg","https://www.flickr.com/photos/MicroPasts/15865546546"
"26250","652","Ferrule","","Museum of Archaeology Cambridge, , Purchased by the Cambridge Antiquarian Society April 1919, , 1919.6","England, Cambridgeshire, Wilburton, In fen land belonging to Mr Oliver Claude Pell, 1882","Wilburton, Cambridgeshire, Ηνωμένο Βασίλειο","52.352064","0.1766450000000077","IVB","None","None","None","238","14 to 17","","36   61","several shades of dull brown","slightly rough","1 + under","","point fused off    broken in two  2 Rivet holes","The Wilburton Hoard","","Archaeologia  XLVIII  106, , New Cambridge  17 May 1919","","Maria Christakou","https://farm8.staticflickr.com/7564/15865546546_1c795123f2_b.jpg","https://www.flickr.com/photos/MicroPasts/15865546546"
"26252","64","Ferrule","IVB","Museum of Archaeology & Ethnology, Cambridge,Purchased by the Cambridge Antiquarian Society, April 1919.,1919.6","England,Cambridgeshire,Wilburton,In fen-land owned by Mr Oliver Claude Pell,1882","Wilburton, Cambridgeshire, UK","52.352064","0.1766450000000077","","None","None","1882","A 43,B 121","A 13,B 15","","A 18,B 65","A dual colour,B light grey,except for patch of dull black, down one side.","A. Corroded & rough,B Smooth & shiny","","","","The Wilburton Hoard","A Point of ferrule,B Point broken off, at the 2 Rivet holes","Archaeologia XLVIII 106,New Cambridge 17 May 1919","","Hugh Fiske","https://farm9.staticflickr.com/8618/15705591587_c0d3fc6539_b.jpg","https://www.flickr.com/photos/MicroPasts/15705591587"
"26252","433","Ferrule","IVB","Museum of Archaeology + Ethnology, Cambridge,Purchased by the Cambridge Antiquarian Society, April 1919","England,Cambridgeshire,Wilburton,In fen land belonging to Mr. Oliver Claude Pell,1882","Wilburton, Cambridgeshire, UK","52.352064","0.1766450000000077","","None","None","1882","43","13","","18","A. Dual colour; B. Light grey; except for patch of dull black, down one side.","A. Corroded and rough.; B. Smooth and shiny","","Length: A. 43mm; B. 121mm,Width: A. 13mm (widest part); B. 15mm,Weight: A. 18 gms; B. 65 gms","","The Wilburton Hoard","A. Point of ferrule. B. Point broken off at the 2 Rivet holes.","Archaeologia, XLVIII, 106,New Cambridge, 17 May 1919","","Joellen mcGann","https://farm9.staticflickr.com/8618/15705591587_c0d3fc6539_b.jpg","https://www.flickr.com/photos/MicroPasts/15705591587"
"26252","473","Ferrule Section","IVB","Museum of Archaeology + Ethnology, Cambridge., Purchased by the Cambridge Antiquarian Society. April 1919., 1919.6","England, Cambridgeshire, Wilburton, In fen-land owned by Mr Oliver Claude Pell","Wilburton, Cambridgeshire, UK","52.352064","0.1766450000000077","","None","None","1882","A 43 B 121","13 (widest part) 15","","A 18 B 65","A. dust colour, B. light grey except for patch of dull black, down one side","A. Corroded + rough, B. Smooth + shiny","","Initials at bottom left","","The Wilburton Hoard.","A. Point of ferrule, B. Point broken off at the 2 Rivet holes.","Archaeologia XLVIII 106., New Cambridge 17 May 1919.","","Dina Fathalla","https://farm9.staticflickr.com/8618/15705591587_c0d3fc6539_b.jpg","https://www.flickr.com/photos/MicroPasts/15705591587"
"26252","543","Ferrule","Sestron,G,a red dot,IVB","Museum of Archaeology and Ethnology, Cambridge,Purchased by the Cambridge Antiquarian Society, April 1919,1919.6","England,Cambridgeshire,Wilburton,In fen land belonging to Mr. Oliver Claude Pell,1882","Wilburton, Cambridgeshire, UK","52.352064","0.1766450000000077","","None","None","1882","A 43,B 121,see transcriber comment","A max 13,B 15","","A 18,B 65","A: dust colour,B: light grey,except for patch of dull black, down one side,see transcriber comment","A: corroded and rough,B: smooth & shiny","","NOTE - this card describes two separate items, both parts of the same ferrule. The two parts are referred to as A and B on the diagram and the card. Patina - it's hard to know from the layout of the card whether ""except for patch of dull black, down one side"" refers to item A or B.","","The Wilburton hoard","A: Point of ferrule,B: Point broken off at the two Rivet holes","Archaeologia XLVIII 106,New Cambridge 17 May 1919","","Jane Fellows","https://farm9.staticflickr.com/8618/15705591587_c0d3fc6539_b.jpg","https://www.flickr.com/photos/MicroPasts/15705591587"
"26252","652","Ferrule","","Museum of Archaeology + Ethnology Cambridge, , Purchased by the Camberidge Antiquarian Society April 1919, , 1919.6","England, Cambridgeshire, Wilburton, In fen land belonging to Mr Oliver Claude Pell, 1882","Wilburton, Cambridgeshire, Ηνωμένο Βασίλειο","52.352064","0.1766450000000077","IVB","None","None","None","A 43   B 121","A 13 (widest part)  B 15","","A 18  B 65","A dual colour  B light grey      exceprt from patch of dull black, down one side","A Corroded+rough  B smooth + shiny","","","A Point of ferrule    B Point broken pff at the 2 Rivet holes","The Wilburton Hoard","","Archaeologia XLVIII 106, , New Cambridge 17 May 1919","","Maria Christakou","https://farm9.staticflickr.com/8618/15705591587_c0d3fc6539_b.jpg","https://www.flickr.com/photos/MicroPasts/15705591587"
"26253","64","Ferrule","IVB","Museum of Archaeology & Ethnology, Cambridge,Purchased by the Cambridge Antiquarian Society, April 1919.,1919.6","England,Cambridgeshire,Wilburton,In fen land belonging to Mr Oliver Claude Pell,1882","Wilburton, Cambridgeshire, UK","52.352064","0.1766450000000077","","None","None","1882","237","15.5,17","","84","Dull grey & brown","smooth","about 15","","","The Wilburton Hoard","Point broken off,Two rivet holes half way up","Mentioned in Archaeologia Vol. XLVIII,New Cambridge 17 May 1919","","Hugh Fiske","https://farm8.staticflickr.com/7526/15704065580_d58e86a6cd_b.jpg","https://www.flickr.com/photos/MicroPasts/15704065580"
"26253","433","Ferrule","IVB","Museum of Archaeology + Ethnology, Cambridge,Purchased by the Cambridge Antiquarian Society, April 1919,1919.6","England,Cambridgeshire,Wilburton,In fen land belonging to Mr. Oliver Claude Pell,1882","Wilburton, Cambridgeshire, UK","52.352064","0.1766450000000077","","None","None","1882","237","16","","84","Dull grey and brown patina.","Smooth","15","Width: 15.5mm; 17mm","","The Wilburton Hoard","Point broken off. Two rivet holes half way up.","Mentioned in Archaeologica, Vol. XLVIII,New Cambridge, 17 May 1919","","Joellen mcGann","https://farm8.staticflickr.com/7526/15704065580_d58e86a6cd_b.jpg","https://www.flickr.com/photos/MicroPasts/15704065580"
"26253","473","Ferrule","IVB","Museum of Archaeology + ethnology, Cambridge., Purchased by the Cambridge Antiquarian Society. April 1919., 1919.6","England, Cambridgeshire, Wilburton, In fen land belonging to Mr Oliver Claude Pell","Wilburton, Cambridgeshire, UK","52.352064","0.1766450000000077","","None","None","1882","237","15.5   17","","84","Dull grey + brown","smooth.","about 15","Initials at bottom left","","The Wilburton Hoard","Point broken off. Two rivet holes half way up.","Mentioned in Archaeologia Vol XLVIII, New Cambridge 17 May 1919.","","Dina Fathalla","https://farm8.staticflickr.com/7526/15704065580_d58e86a6cd_b.jpg","https://www.flickr.com/photos/MicroPasts/15704065580"
"26253","543","Ferrule","a red dot,IVB","Museum of Archaeology and Ethnology, Cambridge,Purchased by the Cambridge Antiquarian Society, April 1919,1919.6","England,Cambridgeshire,Wilburton,In fen land belonging to Mr. Oliver Claude Pell,1882","Wilburton, Cambridgeshire, UK","52.352064","0.1766450000000077","","None","None","1882","239","15.5,17","","84","dull grey & brown","smooth","15","","","The Wilburton hoard","Point broken off. Two rivet holes half way up","Mentioned in Archaeologia Vol XLVIII 106,New Cambridge 17 May 1919","","Jane Fellows","https://farm8.staticflickr.com/7526/15704065580_d58e86a6cd_b.jpg","https://www.flickr.com/photos/MicroPasts/15704065580"
"26253","652","Ferrule","","Museum of Archaeology + Ethnology Cambridge, , Purchased by the Cambridge Antiquarian Society April 1919, , 1919.6","England, Cambridgeshire, Wilburton, In fen land belonging to Mr Oliver Claude Pell, 1882","England Cambridgeshire Wilburton","52.352064","0.1766450000000077","IVB","None","None","None","239","15.5   17","","84","Dull grey + brown","smooth","about 15","","Point broken off   Two rivet holes half way up","The Wilburton Hoard","","Mentioned in Archaeologia  Vol. XLVIII, , New Cambridge  17 May 1919","","Maria Christakou","https://farm8.staticflickr.com/7526/15704065580_d58e86a6cd_b.jpg","https://www.flickr.com/photos/MicroPasts/15704065580"
"26255","64","FERRULE","C","Museum of Archaeology & Ethnology, Cambridge,Purchased by the Cambridge Antiquarian Society, April 1919.,1919.6","England,Cambridgeshire,Wilburton,In fen-land belonging to Mr Oliver Claude Pell,1882","","52.352064","0.1766450000000077","","None","None","1882","65.5","27.5,19.5 socket","","36","dull brown all over","slightly pitted","","","","The Wilburton Hoard","Spheroidal end. Ornamented on the cylinder with 2 bands of 4 grooves. 2 rivet holes. Hollow throughout. Single casting","Archaeologia XLVIII 106,New Cambridge 17 May 1919","","Hugh Fiske","https://farm9.staticflickr.com/8659/15705324459_cb7fd9fb9d_b.jpg","https://www.flickr.com/photos/MicroPasts/15705324459"
"26255","433","Ferrule","C","Museum of Archaeology + Ethnology, Cambridge,Purchased by the Cambridge Antiquarian Society, April 1919,1919.6","England,Cambridgeshire,Wilburton,In fen land belonging to Mr. Oliver Claude Pell,1882","Wilburton, Cambridgeshire, UK","52.352064","0.1766450000000077","","None","None","1882","66","20","28","36","Dull brown patina all over","Slightly pitted","","Length: 65.5mm,Width: 27.5mm; 19.5mm socket","","The Wilburton Hoard","Spherical end. Ornamented on the cylinder with 2 bands of 4 grooves. 2 rivet holes. Hollow throughout. Single casting.","Archaeologia, ALVIII, 106.,New Cambridge, 17 May 1919","","Joellen mcGann","https://farm9.staticflickr.com/8659/15705324459_cb7fd9fb9d_b.jpg","https://www.flickr.com/photos/MicroPasts/15705324459"
"26255","473","FERRULE","C","Museum of Archaeology + Ethnology, Cambridge., Purchased by the Cambridge Antiquarian Society. April 1919., 1919.6","England, Cambridgeshire, Wilburton, In fen-land belonging to Mr Oliver Claude Pell.","Wilburton, Cambridgeshire, UK","52.352064","0.1766450000000077","","None","None","1882","65.5","27.5  19.5 socket","","36","dull brown all over","slightly pitted","","Bottom left initials, possibly ""CMJ"", ,","","The Wilburton Hoard.","Spheroidal end. Ornamented on the cylinder with 2 bands of 4 grooves. 2 rivet holes. Hollow throughout, Single casting","Archaeologia XLVIII 106., New Cambridge. 17 May 1919.","","Dina Fathalla","https://farm9.staticflickr.com/8659/15705324459_cb7fd9fb9d_b.jpg","https://www.flickr.com/photos/MicroPasts/15705324459"
"26255","543","Ferrule","a red dot,C","Museum of Archaeology and Ethnology, Cambridge,Purchased by the Cambridge Antiquarian Society, April 1919,1919.6","England,Cambridgeshire,Wilburton,In fen land belonging to Mr. Oliver Claude Pell,1882","Wilburton, Cambridgeshire, UK","52.352064","0.1766450000000077","","None","None","1882","65.5","27.5,socket 19.5","","36","dull brown all over","slightly pitted","","","","the Wilburton hoard","Spheroidal end. Ornamented on the cylinder with 2 bands of 4 grooves. 2 rivet holes. Hollow throughout","Archaeologia XLVIII 106,New Cambridge 17 May 1919","","Jane Fellows","https://farm9.staticflickr.com/8659/15705324459_cb7fd9fb9d_b.jpg","https://www.flickr.com/photos/MicroPasts/15705324459"
"26255","652","Ferrule","","Museum of Archaeology + Ethnology Cambridge, , Purchased by the Cambridge Antiquarian Society   April 1919, , 1919.6","England, Cambridgeshire, Wilburton, In fen land belonging to Mr Oliver Claude Pell, 1882","Wilburton, Cambridgeshire, Ηνωμένο Βασίλειο","52.352064","0.1766450000000077","C","None","None","None","65.5","7.5    19.5 socket","","36","dull brown all over","slightly pitted","","","Spheroidal end ornamented on the cylerider with 2 bands of 4 grooves   2 rivet holes. Hollow throughout  Single vasting","The Wilburton Hoard","","Archaeologia XLVIII  106, , New Cambridge 17 May 1919","","Maria Christakou","https://farm9.staticflickr.com/8659/15705324459_cb7fd9fb9d_b.jpg","https://www.flickr.com/photos/MicroPasts/15705324459"
"26257","64","FERRULE","C","Museum of Archaeology & Ethnology, Cambridge,Purchased by the Cambridge Antiquarian Society, April 1919.,1919.6","England,Cambridgeshire,Wilburton,In fen-land belonging to Mr Oliver Claude Pell.,1882","Wilburton, Cambridgeshire, UK","52.352064","0.1766450000000077","","None","None","1882","40","27,socket 17","","18","","","","","","The Wilburton Hoard","Spheroidal end ornamented with a series of concentric grooves round its centre. Broken at rivet holes. Hollow throughout.","Archaeologia xlviii 106.,New Cambridge 17 May 1919","","Hugh Fiske","https://farm8.staticflickr.com/7567/15704065410_db526e4bb3_b.jpg","https://www.flickr.com/photos/MicroPasts/15704065410"
"26257","473","FERRULE","C","Museum of Archaeology + Ethnology, Cambridge, Purchased by the Cambridge Antiquarian Society. April 1919., 1919.6","England, Cambridgeshire, Wilburton, In fen-land belonging to Mr Oliver Claude Pell.","Wilburton, Cambridgeshire, UK","52.352064","0.1766450000000077","","None","None","1882","40","27   socket 17","","18","","dull rusty brown.","","Bottom left initials, possibly ""CMJ""","","The Wilburton Hoard.","Spheroidal end ornamented with a series of concentric grooves round its centre, Broken at rivet holes. Hollow throughout.","Archaeologia XLViii 106., New Cambridge 17 May 1919.","","Dina Fathalla","https://farm8.staticflickr.com/7567/15704065410_db526e4bb3_b.jpg","https://www.flickr.com/photos/MicroPasts/15704065410"
"26257","543","Ferrule","a red dot,C","Museum of Archaeology and Ethnology, Cambridge,Purchased by the Cambridge Antiquarian Society, April 1919,1919.6","England,Cambridgeshire,Wilburton,In fen land belonging to Mr. Oliver Claude Pell,1882","Wilburton, Cambridgeshire, UK","52.352064","0.1766450000000077","","None","None","1882","40","27,socket 17","","18","","dull rusty brown","","","","The Wilburton Hoard","Spheroidal end ornamented with a series of concentric grooves round its centre. Broken at rivet holes. Hollow throughout","Archaeologia XLVIII 106,New Cambridge 17 May 1919","","Jane Fellows","https://farm8.staticflickr.com/7567/15704065410_db526e4bb3_b.jpg","https://www.flickr.com/photos/MicroPasts/15704065410"
"26257","652","Ferrule","","Museum of Archaeology + Ethnology Cambridge, , Purchased by the Cambridge Antiquarian Society, , April 1919, , 1919.6","England, Cambridgeshire, Wilburton, In fen land belonging to Mr Oliver Claude Pell, 1882","Wilburton, Cambridgeshire, Ηνωμένο Βασίλειο","52.352064","0.1766450000000077","C","None","None","None","40","27   socket 17","","18","","dull rusty brown","","","Spheroical end ornamented with series of concentric grooves round its centre  Broken at rivet holes   Hollow throughout","The Wilburton Hoard","","Archaeologia  XLViii  106, , New Cambridge 17 May 1919","","Maria Christakou","https://farm8.staticflickr.com/7567/15704065410_db526e4bb3_b.jpg","https://www.flickr.com/photos/MicroPasts/15704065410"
"26259","64","Ferrule","IVA","Museum of Archaeology & Ethnology, Cambridge,Purchased by the Cambridge Antiquarian Society, April 1919.,1919.6","England,Cambridgeshire,Wilburton,In fen land belonging to Mr Oliver Claude Pell,1882","Wilburton, Cambridgeshire, UK","52.352064","0.1766450000000077","","None","None","1882","110","13,19.5","","47","Dark brown & mostly bright shiny copper","rough","","","","The Wilburton Hoard","Complete & unbroken. 2 Rivet holes. Hollow right up to tip.","Mentioned in Archaeologia Vol XLVIII 106.,New Cambridge 17 May 1919","","Hugh Fiske","https://farm9.staticflickr.com/8658/15705324239_a041773e1f_b.jpg","https://www.flickr.com/photos/MicroPasts/15705324239"
"26259","473","Ferrule","Section IVA","Museum of Archaeology + Ethnology, Cambridge., Purchased by the Cambridge Antiquarian Society. April 1919., 1919.6","England, Cambridgeshire, Wilburton, In fen land belonging to Mr Oliver Claude Pell","Wilburton, Cambridgeshire, UK","52.352064","0.1766450000000077","","None","None","1882","110","13   19.5","","47","Dark brown + mostly bright shiny copper","rough","","Bottom left initials ""CMJ""","","The Wilburton Hoard.","Complete + unbroken. 2 Rivet holes. Hollow right up to tip","Mentioned in Archaeologia Vol XLVIII 106., New Cambridge 17 May 1919.","","Dina Fathalla","https://farm9.staticflickr.com/8658/15705324239_a041773e1f_b.jpg","https://www.flickr.com/photos/MicroPasts/15705324239"
"26259","543","Ferrule","section,a red dot,IVA","Museum of Archaeology and Ethnology, Cambridge,Purchased by the Cambridge Antiquarian Society, April 1919,1919.6","England,Cambridgeshire,Wilburton,In fen land belonging to Mr. Oliver Claude Pell,1882","Wilburton, Cambridgeshire, UK","52.352064","0.1766450000000077","","None","None","1882","110","13,19.5","","47","dark brown and mostly bright shiny copper","rough","","","","The Wilburton hoard","Complete and unbroken. 2 rivet holes. Hollow right up to tip","Mentioned in Archaeologia XLVIII 106,New Cambridge 17 May 1919","","Jane Fellows","https://farm9.staticflickr.com/8658/15705324239_a041773e1f_b.jpg","https://www.flickr.com/photos/MicroPasts/15705324239"
"26259","652","Ferrule","","Museum of Archaeology + Ethnology Cambridge, , Purchased by the Cambridge Antiquarian Society , , April 1919, , , , 1919.6","England, Cambridgeshire, Wilburton, In fen land belonging to Mr Oliver Claude Pell, 1882","Wilburton, Cambridgeshire, Ηνωμένο Βασίλειο","52.352064","0.1766450000000077","section   IVA","None","None","None","110","13   19.5","","47","dark brown  + mostly bright shiny copper","rough","","","Complete + unbroken   2 Rivet Holes. Hollow right up to tip","The Wilburton Hoard","","Mentione in Archaeologia Vol. XLVIII   106, , New Cambridge 17 May 1919","","Maria Christakou","https://farm9.staticflickr.com/8658/15705324239_a041773e1f_b.jpg","https://www.flickr.com/photos/MicroPasts/15705324239"
"26260","64","FERRULE","Hollow throughout? yes,Single casting? yes,C","Museum of Archaeology & Ethnology, Cambridge,Purchased by the Cambridge Antiquarian Society, April 1919.,1919.6","England,Cambridgeshire,Wilburton,In fen land belonging to Mr Oliver Claude Pell,1882","Wilburton, Cambridgeshire, UK","52.352064","0.1766450000000077","","None","None","1882","52","24,socket 19","","32","","dull even black","","","","The Wilburton Hoard","Spheroidal end. Ornamented by 2 parallel grooves round socket, & 3 round upper part of bulb. The bottom which is a segment of a sphere has at the margin 2 concentric bands, hatched with lines in the outer ring to the right & in the inner to the left. 2 Rivet holes. Hollow throughout. Single casting.","Archaeologia Vol XLVIII 106.,New Cambridge 17 May 1919","","Hugh Fiske","https://farm8.staticflickr.com/7535/15889369601_5fe4681409_b.jpg","https://www.flickr.com/photos/MicroPasts/15889369601"
"26260","473","FERRULE","C","Museum of Archaeology + Ethnology, Cambridge, Purchased by the Cambridge Antiquarian Society. April 1919, 1919.6","England, Cambridgeshire, Wilburton, In fen-land belonging to Mr Oliver Claude Pell.","Wilburton, Cambridgeshire, UK","52.352064","0.1766450000000077","","None","None","1882","52","24   socket 19","","32","dull even black","slightly pitted","","","","The Wilburton Hoard.","Speroidal end. Ornamented by 2 parallel grooves round socket. + 3 round upper part of bulb., The bottom which is a segment of a sphere has at the margin 2 concentric bands. hatched with lines in the outer ring to the right + in the inner. to the left. 2 Rivet holes, Hollow throughout. Single casting","Archaeologia XLVIII. 160., New Cambridge 17 May 1919.","Bottom left initials","Dina Fathalla","https://farm8.staticflickr.com/7535/15889369601_5fe4681409_b.jpg","https://www.flickr.com/photos/MicroPasts/15889369601"
"26260","543","Ferrule","Hollow throughout? yes; Single casting? yes,a red dot,C","Museum of Archaeology and Ethnology, Cambridge,Purchased by the Cambridge Antiquarian Society, April 1919,1919.6","England,Cambridgeshire,Wilburton,In fen land belonging to Mr. Oliver Claude Pell,1882","Wilburton, Cambridgeshire, UK","52.352064","0.1766450000000077","","None","None","1882","52","24,socket 19","","32","dull even black","slightly pitted","","","","The Wilburton Hoard","Spheroidal end. Ornamented by 2 parallel grooves round socket & 3 round upper part of bulb. The bottom, which is a segment of a sphere has at the margin 2 concentric bands hatched with rings in the outer ring to the right & in the inner to the left. 2 Rivet holes. Hollow throughout. SIngle casting","Archaeologia XLVIII 106,New Cambridge 17 May 1919","","Jane Fellows","https://farm8.staticflickr.com/7535/15889369601_5fe4681409_b.jpg","https://www.flickr.com/photos/MicroPasts/15889369601"
"26262","64","Ferrule","VA","Museum of Archaeology, Cambridge,(Deck Collection)","England,? Cambridgeshire,Exact site unknown","","52.352064","0.1766450000000077","","None","None","None","40","of base 28.5","","19","dust coloured metal showing through very slightly","smooth but dull","","","","","Expanding to a base which is concave. Top broken.","Cambridge Antiquarian Society Catalogue 159. 1884","Like an object in the Marden hoard (Kent)","Hugh Fiske","https://farm8.staticflickr.com/7526/15889369111_53abc6d7d9_b.jpg","https://www.flickr.com/photos/MicroPasts/15889369111"
"26262","473","Ferrule.","VA","Museum of Archaeology. Cambridge., (Deck collection).","England, ? Cambridgeshire, Exact site unknown.","England, UK","52.3555177","-1.1743197000000691","","None","None","None","40","28.5","","19","dust coloured patina metal showing through very slightly.","smooth but dull","","Width is: ""of base""","","","Expanding to a base which is concave. Top broken.","Cambridge Antiquarian Society Catalogue 159. 1884","Like an object in the Marden hoard (Kent)","Dina Fathalla","https://farm8.staticflickr.com/7526/15889369111_53abc6d7d9_b.jpg","https://www.flickr.com/photos/MicroPasts/15889369111"
"26262","543","Ferrule","VA","Museum of Archaeology, Cambridge (Deck Collection)","England,Cambridgeshire,Exact site unknown","","52.352064","0.1766450000000077","","None","None","None","40","base 28.5","","19","dust coloured, metal showing through very slightly","smooth but dull","","","","","Expanding to a base which is concave. Top broken.","Cambridge Antiquarian Society Catalogue 159. 1884","Like an object in the Marden Hoard (Kent)","Jane Fellows","https://farm8.staticflickr.com/7526/15889369111_53abc6d7d9_b.jpg","https://www.flickr.com/photos/MicroPasts/15889369111"
"26264","64","Ferrule","C,VA","Manchester Museum,loaned by Congleton Corpn.","England,Cheshire,Congleton,Oct 1925","Congleton, Congleton, Cheshire East CW12, UK","53.162856","-2.218923000000018","","None","10","1925","","","","","","","","","","Part of a hoard:- 2 spearheads, 2 ferrules, 1 socketed celt","The stopped end is slightly concave, with small process in centre.","","","Hugh Fiske","https://farm9.staticflickr.com/8597/15705323829_a2dc799b95_b.jpg","https://www.flickr.com/photos/MicroPasts/15705323829"
"26264","543","Ferrule","C,a red dot,VA","Manchester Museum,loaned by Congleton Corp'n","England,Cheshire,Congleton","Congleton, Congleton, Cheshire East CW12, UK","53.162856","-2.218923000000018","","None","10","1925","","","","","","","","","","Part of a hoard: 2 spearheads; 2 ferrules; 1 socketed Celt","The stopped end is slightly concave with small process in centre","","","Jane Fellows","https://farm9.staticflickr.com/8597/15705323829_a2dc799b95_b.jpg","https://www.flickr.com/photos/MicroPasts/15705323829"
"26266","64","","","","","",,,"","None","None","None","","","","","","","","","","","","","","Hugh Fiske","https://farm8.staticflickr.com/7498/15269095204_354b6bf6cc_b.jpg","https://www.flickr.com/photos/MicroPasts/15269095204"
"26266","543","Ferrule","A red dot,IVB","Manchester Museum,Loaned by Congleton Corp'n","England,Cheshire,Congleton,Oct 1925","Congleton, Congleton, Cheshire East CW12, UK","53.162856","-2.218923000000018","","None","10","1925","","","","","","","","This is two separate index cards, displayed side by side in the same frame. I'm pretty sure I transcribed the right-hand card in my previous task, so this is a transcription of the left-hand card.","","Part of a hoard: 2 spearheads; 2 ferrules; 1 socketed celt","Rivet holes - near broken end. The stopped end is slightly concave","","","Jane Fellows","https://farm8.staticflickr.com/7498/15269095204_354b6bf6cc_b.jpg","https://www.flickr.com/photos/MicroPasts/15269095204"
"26267","64","Ferrule","IVB","Manchester Museum,loaned by Congleton Corpn.","England,Cheshire,Congleton,Oct 1925","Congleton, Congleton, Cheshire East CW12, UK","53.162856","-2.218923000000018","","None","10","1925","","","","","","","","","","Part of a hoard:- 2 apearheads. 2 ferrules, 1 socketed celt","Rivet holes - nearer broken end. The stopped end is slightly concave","","","Hugh Fiske","https://farm8.staticflickr.com/7551/15865545456_1b0f8ba80a_b.jpg","https://www.flickr.com/photos/MicroPasts/15865545456"
"26267","543","","","","","","53.162856","-2.218923000000018","","None","None","None","","","","","","","","This is the left-hand card (of two displayed side by side) that I transcribed in the previous task","","","","","","Jane Fellows","https://farm8.staticflickr.com/7551/15865545456_1b0f8ba80a_b.jpg","https://www.flickr.com/photos/MicroPasts/15865545456"
"26269","64","FERRULE","","BERTIE, Mr - private (1741),Leyton ('Layton'), Essex","CUMBRIA,AMBLESIDE, near","Ambleside, Cumbria, UK","54.428736","-2.961332999999968","c. NY 37 04","None","None","None","","","","","","","","Modern card, fields do not match data entry template","","Context: 1a. HOARD","","","","Hugh Fiske","https://farm8.staticflickr.com/7560/15891356665_68feced6cd_b.jpg","https://www.flickr.com/photos/MicroPasts/15891356665"
"26269","543","Ferrule","","Bertie, Mr. Leyton (""Layton""), Essex,private (1741)","England,Cumria,Ambleside, near","Ambleside, Cumbria, UK","54.428736","-2.961332999999968","see transcriber comment","None","None","None","","","","","","","","Top left corner (in box labelled NGR) says “c. NY 37” and on the next line, “04” (aligned under the “37”). Is this a grid ref? Bottom right of card: Rec. “SN Mar ’79”; DF “S”; Source “R”; ticks in boxes labelled AFI, SI & CI","","1a Hoard","","","","Jane Fellows","https://farm8.staticflickr.com/7560/15891356665_68feced6cd_b.jpg","https://www.flickr.com/photos/MicroPasts/15891356665"
"26271","64","SPEAR FERRULE","IVA","PLYMOUTH CITY MUSEUM,1080,Presented by R. BURNARD.,1894","DEVON,GAWLER BOTTOM, PRINCETOWN,Found 4' down in peat.","Gawler Brook, Dartmoor National Park, Devon, UK","50.5866834","-3.9246215000000575","","None","None","None","113","Max 13 Min 12","","","","","1","","","","","T.D.A. 1894, p.53","","Hugh Fiske","https://farm9.staticflickr.com/8641/15889369061_eb3e56a7cc_b.jpg","https://www.flickr.com/photos/MicroPasts/15889369061"
"26271","543","Spear Ferrul","IVA","Plymouth City Museum 1080,presented by R. Burnard, 1894","England,Devon,Princetown,Gawler Bottom,Found 4' (1220 mm) down in peat","princetown, devon","54.428736","-2.961332999999968","","None","None","None","113","max 13,min 12","","","","","1","","","","","T.D.A. 1894, p53","","Jane Fellows","https://farm9.staticflickr.com/8641/15889369061_eb3e56a7cc_b.jpg","https://www.flickr.com/photos/MicroPasts/15889369061"
"26273","64","Ferrule","IVB","Exeter Museum,4197,4212 pres. by Mrs. Cornish & Rev. Wilse Brown","England,Devonshire,South Brent,""Bloody Pool"" (Jany. 1854)","South Brent, South Brent, Devon TQ10, UK","50.429962","-3.83739700000001","SX 6859","None","1","1854","97,54","17,16","","58.72,29.5","","","","","","found with portions of spearheads","possibly these were originally one ferrule.","Arch. Journ. Vol XII p.84,Arch. Journ. Vol XVIII p.160,Arch. Journ. Vol XXIV p.121,Ancient British Implements (Evans) pp 338-9,Burgess, Coombs & G. Davis in 'Preh. Man in Wales & West' p.211, ed. F. Lynch & C. Burgess","","Hugh Fiske","https://farm8.staticflickr.com/7562/15890709072_e52c3087be_b.jpg","https://www.flickr.com/photos/MicroPasts/15890709072"
"26273","543","Ferrule","a red dot,IVB","Exeter Museum,{4197 4212} pres. by Mrs.Cornish & Rev. Wilse Brown","England,Devonshire,South Brent,""Bloody Pool"",(Jan'y 1854),SX 6859","South Brent, South Brent, Devon TQ10, UK","50.429962","-3.83739700000001","","None","1","1854","97,54,see transcriber comment","17,16,see transcriber comment","","58.72,29.5,see transcriber comment","","","","This card describes two separate fragments, believed to be from the same ferrule (see Description)","","found with portions of spearheads","Possibly these were originally one ferrule","Arch. Journ. Vol XII p84; XVIII p. 160; XXIV p121,Ancient British Implements (Evans) pp 338-9,Burgess, Coombs & G. Davies in ""Prehistoric Man in Wales and the West"", p211 ed. F. Lynch & C. Burgess","","Jane Fellows","https://farm8.staticflickr.com/7562/15890709072_e52c3087be_b.jpg","https://www.flickr.com/photos/MicroPasts/15890709072"
"26274","64","FERRULES.","IVB","Royal Albert Memorial Museum, Exeter.,Reg. Nos. 4197 & 4212. Presented by Rev. Wolse Brown and Mrs Cornish respectively, 4212 and 4197.","England.,Devon.,South Brent.,""Bloody Pool"".,January, 1854.","South Brent, South Brent, Devon TQ10, UK","50.429962","-3.83739700000001","","None","1","1854","a. 97,b. 52","a. 16,b. 16","","a. 58.5,b. 26","","partly oxidised and encrusted.","","","Bronze","Part of Bloody Pool Hoard","Bronze ferrule and part of another. Both filled with earthy matrix.","Arch. Journal. vol. xii, p.84; vol. xviii, p.160. Evans, ""Ancient Bronze Implements"", pp. 338/9.","","Hugh Fiske","https://farm8.staticflickr.com/7555/15705323349_984a3805fa_b.jpg","https://www.flickr.com/photos/MicroPasts/15705323349"
"26274","543","Ferrules,as previous card","a red dot,IVB","Royal Albert Memorial Museum, Exeter.,Reg. Nos. 4197 & 4212.,Presented by Rev. Wilse Brown and Mrs. Cornish respectively, 4212 and 4197","England,Devonshire,South Brent,""Bloody Pool"",(Jan'y 1854),SX 6859","South Brent, South Brent, Devon TQ10, UK","50.429962","-3.83739700000001","","None","1","1854","a 97,b 52,see transcriber comment","a 16,b 16,see transcriber comment","","a 58.5,b 126;]see transcriber comment","","partly oxidised and encrusted","","This card refers to two separate fragments - diagram shows fragment a) to be no. 4197, fragment b) is no. 4212. PS whoop - I put ""Ancient British Implements (Evans)"" on the previous card instead of ""Ancient Bronze Implements""","Bronze","Part of bloody Pool Hoard","Bronze ferrule and part of another, both filled with earthy matrix.","Arch. Journal Vol XII p84; vol. XVIII p. 160,Ancient Bronze Implements (Evans), pp. 338/9","","Jane Fellows","https://farm8.staticflickr.com/7555/15705323349_984a3805fa_b.jpg","https://www.flickr.com/photos/MicroPasts/15705323349"
"26276","64","FERRULE","","DORCHESTER MUSEUM,1934.12.1D","DORSET,WINFRITH NEWBURGH,(LULWORTH),see also Fleshhook card.","23 School Lane, West Lulworth, Wareham, Dorset BH20 5SA, UK","50.622774050044505","-2.2434346503905545","SY 80 82","None","None","None","","","","","","","","","","Context: 1b. HOARD","","","","Hugh Fiske","https://farm8.staticflickr.com/7546/15889368321_4a817fb4d1_b.jpg","https://www.flickr.com/photos/MicroPasts/15889368321"
"26276","543","Ferrule","","Dorchester Museum 1934. 12. 1D","England,Dorset,Winfrith Newburgh,(Lulworth)","Winfrith Newburgh, Dorchester, Dorset DT2, UK","50.661093","-2.274366900000018","","None","None","None","","","","","","","","Top left corner (in box labelled NGR) says “SY 80” and on the next line, “82” (aligned under the “80”). In Circumstances, says ""see also Fleshhook card"". Bottom right of card: Rec. “SN Dec 80”; DF “c”; ticks in boxes labelled PIF, AFI, SI & CI","","1b Hoard","","","","Jane Fellows","https://farm8.staticflickr.com/7546/15889368321_4a817fb4d1_b.jpg","https://www.flickr.com/photos/MicroPasts/15889368321"
"26278","64","Ferrule","VB","Private,Lord Selbourne,Blackmoor, Hants,46.","England,Hampshire,Selbourne","Selborne, Alton, Hampshire GU34, UK","51.095022","-0.9392239999999674","","None","None","None","62,80","16, 15,12, 34","","80","","dark green & grey, peat stained","","","","Hoard of leaf shaped swords, spearheads & rings.","A small piece is missing, between these two parts. The Metal in both is a little out of truth. The large end is solid & concave. The wood remains in ferrule.","White's Selbourne Macmillan 1877 Vol II. p.258.,White's Selbourne Macmillan 1877 (Bell) Vol II. p.381.,Evans p.464","","Hugh Fiske","https://farm8.staticflickr.com/7476/15705323199_9d9b2caeff_b.jpg","https://www.flickr.com/photos/MicroPasts/15705323199"
"26278","433","Ferrule","VB","Private Collection,Lord Selborne,Blackmoor, Hampshire,46","England,Hampshire,Selborne","Selborne, Alton, Hampshire GU34, UK","51.095022","-0.9392239999999674","","None","None","None","62","15","16","80","Dark green and grey, peat stained.","","","Length: 62mm; 80mm,Width: 16mm; 15mm; 12mm; 34mm","","Hoard of Leaf-shaped swords, spearheads, and rings.","A small piece is missing, between these two parts. the Metal in both is a little out of truth. The large end is solid and concave. The wood remains in ferrule.","White's Selborne, Macmillan 1877, Vol. II, p. 258,White's Selborne, Macmillan, 1877, (Bell), Vol. II, p. 381","","Joellen mcGann","https://farm8.staticflickr.com/7476/15705323199_9d9b2caeff_b.jpg","https://www.flickr.com/photos/MicroPasts/15705323199"
"26279","64","FERRULE","","WINCHESTER, City Museum 104.14,Dale Collection","HANTS,,Andover","Andover, Andover, Hampshire, UK","51.2111975","-1.4919233000000531","","None","None","None","77","15","","","","brownish","","","","Scrap metal hoard,104.1-37","","P.S.A.L. XXVI","metal in poor condition,ND74","Hugh Fiske","https://farm8.staticflickr.com/7579/15703860008_9c74106e6a_b.jpg","https://www.flickr.com/photos/MicroPasts/15703860008"
"26279","433","Ferrule","","Winchester, City Museum, 104.14,Dale Collection","England,Hampshire,Andover","Andover, Andover, Hampshire, UK","51.2111975","-1.4919233000000531","","None","None","None","77","15","","","","Brownish","","","","Scrap metal hoard 104.1-37","","P.S.A.L. XXVI","Metal in poor condition,ND 74","Joellen mcGann","https://farm8.staticflickr.com/7579/15703860008_9c74106e6a_b.jpg","https://www.flickr.com/photos/MicroPasts/15703860008"
"26281","64","FERRULE","","WINCHESTER, City Museum 104.15,Dale Collection","HANTS,,Andover","Andover, Andover, Hampshire, UK","51.2111975","-1.4919233000000531","","None","None","None","92","17","","","","brownish","","","","Scrap metal hoard 104.1-37","","P.S.A.L. XXVI","metal in poor condition,ND74","Hugh Fiske","https://farm8.staticflickr.com/7543/15891356225_179bafc82b_b.jpg","https://www.flickr.com/photos/MicroPasts/15891356225"
"26281","433","Ferrule","","Winchester, City Museum, 104.15,Dale Collection","England,Hampshire,Andover","Andover, Andover, Hampshire, UK","51.2111975","-1.4919233000000531","","None","None","None","92","17","","","","Brownish","","","","Scrap metal hoard, 104.1-37","","P.S.A.L. XXVI","Metal in poor condition,ND74","Joellen mcGann","https://farm8.staticflickr.com/7543/15891356225_179bafc82b_b.jpg","https://www.flickr.com/photos/MicroPasts/15891356225"
"26283","64","FERRULE","","WINCHESTER City Museum 104.16,Dale Collection","HANTS,,Andover","Andover, Andover, Hampshire, UK","51.2111975","-1.4919233000000531","","None","None","None","96","16","","","","brownish","","","","scrap metal hoard 104.1-37","","P.S.A.L. XXVI","metal in poor condition,ND74","Hugh Fiske","https://farm9.staticflickr.com/8598/15890708742_fc4dd5195a_b.jpg","https://www.flickr.com/photos/MicroPasts/15890708742"
"26283","433","Ferrule","","Winchester, City Museum, 104.16,Dale Collection","England,Hampshire,Andover","Andover, Andover, Hampshire, UK","51.2111975","-1.4919233000000531","","None","None","None","96","16","","","","brownish","","","","Scrap metal hoard, 104.1-37","","P.S.A.L., XXVI","Metal in poor condition,ND 74","Joellen mcGann","https://farm9.staticflickr.com/8598/15890708742_fc4dd5195a_b.jpg","https://www.flickr.com/photos/MicroPasts/15890708742"
"26285","64","FERRULE frag.","","WINCHESTER, City Museum, 19.14,on loan from Mrs. Browning,,Ashley Glebe Farm,,King's Somborne","HANTS,,Ashley,Ashley Wood","Ashley, Stockbridge, Hampshire SO20, UK","51.078164","-1.4525160000000596","SU33","None","None","None","25","","","","","","","","","founder's hoard 19.1-20","core remaining,base slightly concave","","hoard mainly of buckled metal in poor condition,ND75","Hugh Fiske","https://farm8.staticflickr.com/7462/15865544946_3899ca4225_b.jpg","https://www.flickr.com/photos/MicroPasts/15865544946"
"26285","433","Ferrule Frag.","","Winchester, City Museum, 19.14,On loan from Mrs. Browning, Ashley Glebe Farm,Kings' Somborne","England,Hampshire,Ashley,Ashley Wood","Ashley Wood, Stockbridge, Hampshire SO20, UK","51.0758983","-1.439559499999973","SU 33","None","None","None","25","","","","","","","","","Founder's hoard, 19.1-20","Core remaining, base slightly concave.","","Hoard mainly of buckled metal in poor condition.,ND75","Joellen mcGann","https://farm8.staticflickr.com/7462/15865544946_3899ca4225_b.jpg","https://www.flickr.com/photos/MicroPasts/15865544946"
"26287","64","FERRULE frags. (6)","","WINCHESTER, City Museum 363.25","HANTS,,probably Winchester area","Winchester, Winchester, Hampshire, UK","51.059771","-1.3101420000000417","","None","None","None","54,73,49,59,47,44","","","","","","","","","scrap metal hoard,363.1-25","","","ND74","Hugh Fiske","https://farm9.staticflickr.com/8650/15890708702_0729ec9e6c_b.jpg","https://www.flickr.com/photos/MicroPasts/15890708702"
"26287","433","Ferrule frags (6)","","Winchester, City Museum, 363.25","England,Hampshire,Winchester area","Winchester, Winchester, Hampshire, UK","51.059771","-1.3101420000000417","","None","None","None","54","","","","","","","","","Scrap metal hoard,363.1-25","Lengths: 54mm; 49mm; 47mm; 73mm; 59mm; 44mm","","ND 74","Joellen mcGann","https://farm9.staticflickr.com/8650/15890708702_0729ec9e6c_b.jpg","https://www.flickr.com/photos/MicroPasts/15890708702"
"26288","64","SPEAR FERRULE","VA","Maidstone Museum,Donor R. Golding Esq.","England,Kent,Parish of Marden (Jany 1858)","Marden, Tonbridge, Kent TN12, UK","51.173613","0.49070900000003803","","None","1","1858","27","33","","","light greenish blue","slightly rough, small pitting all over.","","","Bronze","found with hoard","Hollow throughout, with slightly capped base having central domed boss.","Journ. Brit. Arch. Ass. XIV. 257.,V.C.H. Kent I 322, 336,R.F. Jessup 'Kent' 107, 259","Probably as Maston St. Lawrence,Cupped terminal bracelets are not otherwise hollow.","Hugh Fiske","https://farm8.staticflickr.com/7495/15705589977_cca0166254_b.jpg","https://www.flickr.com/photos/MicroPasts/15705589977"
"26288","433","Spear Ferrule","VA","Maidstone Museum,Donor R. Golding, Esq.","England,Kent,Parish of Marden,(Jany 1858)","Marden, Tonbridge, Kent TN12, UK","51.173613","0.49070900000003803","","None","1","1858","27","33","","28","Light greenish blue patina.","Slightly rough. Small pitting all over.","12","Weight: 28.35 gms","Bronze","Found with hoard","Hollow throughout, with slightly capped base having central domed boss.","Journ. Brit. Arch. Ass., XIV, 257,R.F. Jessup, 'Kent', 107, 259,V.C.H. Kent I, 322, 336","[?Probably as Maston St. Lawrence. Cupped seminal bracelets are not otherwise hollow.]","Joellen mcGann","https://farm8.staticflickr.com/7495/15705589977_cca0166254_b.jpg","https://www.flickr.com/photos/MicroPasts/15705589977"
"26290","64","Spear Ferrule","IVB","Nottingham Art Museum, 82-92G,trans. from Natural History Collns,Nottingham University College","England,Nottingham,Great Freeman Street,1860","Great Freeman Street, Nottingham, Nottinghamshire NG3 1FR, UK","52.9595328","-1.1449603999999454","","None","None","1860","240","","","104.5","green","yellow bronze","14, 15, 13.","","","A hoard including 12 S. celts 10 spearheads (or parts) 1 Ferrule 1 Palstave 1 Ring","Pierced tube with solid end","Victoria Counties History, Nottinghamshire Vol I.","","Hugh Fiske","https://farm8.staticflickr.com/7514/15865544916_6e529fa050_b.jpg","https://www.flickr.com/photos/MicroPasts/15865544916"
"26290","433","Spear Ferrule","IVB","Nottingham Art Museum, 82-92 G,Transferred from Natural History Collection,Nottingham University College","England,Nottingham,Great Freeman Street,1860","Great Freeman Street, Nottingham, Nottinghamshire NG3 1FR, UK","52.9595328","-1.1449603999999454","","None","None","1860","240","","","105","Green","Yellow bronze","14","Thickness: 14mm; 15mm; 13mm,Weight: 104.5 gms","","A hoard including 12 socketed celts 10 spearheads (or parts): 1 Ferrule; 1 Palstave; 1 Ring","Pierced tube with solid end.","Victorial Counties History, Nottinghamshire, Vol. I","","Joellen mcGann","https://farm8.staticflickr.com/7514/15865544916_6e529fa050_b.jpg","https://www.flickr.com/photos/MicroPasts/15865544916"
"26292","64","Ferrule or terminal","IIA","Pump Rooms, Bath","England,Somerset,Batheaston or St Catherine,In making the pipe line from the Monkswood Reservoir,1894","Batheaston, Bath and North East Somerset, UK","51.4097282","-2.3172018000000207","","None","None","1894","77","21","","25","","","","","Bronze","","","Proc. Bath Nat. Hist. & Antiq. F.C. viii 147-158,M Smith P.P.S. 1959. No.5. p.146","","Hugh Fiske","https://farm9.staticflickr.com/8659/15704064040_760eff79c6_b.jpg","https://www.flickr.com/photos/MicroPasts/15704064040"
"26292","433","Ferrule","IIA","Pump Room, Bath","England,Somerset,Batheaston or St. Catherine,In making the pipe line from the Monkswood Reservoir,1894","Batheaston, Bath and North East Somerset, UK","51.4097282","-2.3172018000000207","","None","None","1894","77","31","","25","","","","","Bronze","","","Proc. Bath Nat. Hist. + Antiq. F. C., viii, 147-158.,M. Smith, PPS, 1959, No. 5m p. 146.","","Joellen mcGann","https://farm9.staticflickr.com/8659/15704064040_760eff79c6_b.jpg","https://www.flickr.com/photos/MicroPasts/15704064040"
"26294","64","Ferrule or terminal","IIA","Pump Rooms, Bath","England,Somerset,Batheaston or St. Catherine,In making the pipe line from Monkswood Reservoir,1894","Batheaston, Bath and North East Somerset, UK","51.4097282","-2.3172018000000207","","None","None","1894","71","21","","21","","","","","Bronze","","","Proc. bath Nat. Hist. & Antiq. F.C. viii 147-158,M.Smith P.P.S. 1959 No.5 p.146","","Hugh Fiske","https://farm9.staticflickr.com/8609/15890708472_d10b561a54_b.jpg","https://www.flickr.com/photos/MicroPasts/15890708472"
"26294","433","Ferrule","IIA","Pump Room, Bath","England,Somerset,Batheaston or St. Catherine,In making pipe line from Monkswood Reservoir","Batheaston, Bath and North East Somerset, UK","51.4097282","-2.3172018000000207","","None","None","1894","71","21","","21","","","","","Bronze","","","Proc. Bath Nat. Hist. & Antiq. F.C., viii, 147-158.,M. Smith, P.P.S., 1959, No. 5, p. 146.","","Joellen mcGann","https://farm9.staticflickr.com/8609/15890708472_d10b561a54_b.jpg","https://www.flickr.com/photos/MicroPasts/15890708472"
"26295","64","FERRULE","","COOPER, Mr Harold,26 Gloucester Crescent, Laleham, Staines,Wooden shaft tip retained in PRBA, for identification & potential C14.","SURREY,CHERTSEY,MIXNAM's PIT EAST,Circumstances: Found about 15th/16th June 1981 by Mr H. Cooper, operating a drag-line in the gravel pit; he was engaged in reducing a long north-pointing tongue of land which had carried an access road (formerly) into the northern part of the gravel field. The route had become blocked about April/May by the installation of a belt on the E-W spit which the tongue projected from; Mr Cooper notices the ferrule after it had rolled","Chertsey, Surrey, UK","51.386491","-0.5094560000000001","c. TQ 0469 6901","None","6","1981","213","Wm 24.2; Bm 24","","185.3 (wt. includes wood etc. in socket)","","dull brown with gold flecking, smooth surface; clay material in socket end might be core remnant (visible through break),Attached Material: wooden shaft butt in socket, almost to mouth - extracted; break at peg-hole,large patch of accretion composed of small gravel chips and one snail.","","Modern card, fields do not match data entry template","","Context: 8a. SINGLE FIND (0)","Typology: v. smooth finish; peg-holes bevelled towards outside; mouth rim flattish but variable in thickness,Manufacture: no signs of cg. flashes just v. slight angularity down sides below peg holes; one peg-hole particularly ill-formed - prob. cast,break through very thin metal (0.5mm) near socket end - weak point from misplaced core,Condition: ragged perfn. close to tip - mostly edges seem fractured, thus damage at weak point","","","Hugh Fiske","https://farm8.staticflickr.com/7478/15271719563_3f9cbf43e7_b.jpg","https://www.flickr.com/photos/MicroPasts/15271719563"
"26295","433","Ferrule","","Cooper, Mr. Harold,26 Gloucester Crescent, Laleham, Staines,Wooden shaft tip retained in PRBA, for identification & potential C14","England,Surrey,Chertsey,Mixnam's Pit East,Found about 15th/16th June, by Mr. H. Cooper, operating a drag-line in the gravel pit; he was engaged in reducing a long north-pointing torque of land which had carried on access road (formerly) into the northern part of the gravel field: the route had become blocked about April/May by the installation of a belt on the E-W split which in tongue projected from; Mr. Cooper noticed the ferrule after it had rolled.","Chertsey, Surrey, UK","51.386491","-0.5094560000000001","c. TQ 0469 6901","15","6","1981","213","24","","185","","Dull brown with gold dlecking, smooth surface; clay material in socket end might be core remnant (visible through break).","","","","8a. Single Find (O)","DImensions: L 213mm; Wm 24.2; Bm 24; Wt. 185.3 gms (wt. includes wood etc. in socket),Typology: v. smooth finish; peg-holes bevelled towards outside; mouth rim flattish but variable in thickness,Manufacture: no signs of cg. flashes just v. slight angularity down sides below peg holes break through very thin metal (0.5mm); near socket end - weak point from misplaced core; one peg-hole particularly ill-formed - prob. cast.,Condition: ragged perforation close to tip - mostly edges seem frackned, thus damage at weak point.,Attached Material: wooden shaft butt in socket, almost to mouth - extracted; break at ped-hole; large patch of accretion composed of small gravel chips and one snail.","","PIF; DF(S); SI; CI; SN Sept. 81; Sb. A.; Sub. Inf. via Chertsey Mus. 11/7/81; Cont. Card: 1","Joellen mcGann","https://farm8.staticflickr.com/7478/15271719563_3f9cbf43e7_b.jpg","https://www.flickr.com/photos/MicroPasts/15271719563"
"26297","64","FERRULE","","","Circumstances: [continued from previous card] down to the base of his spoil tip, at the time he considers that he was definitely extracting fresh undisturbed ballast; at about the same time a Viking sword was retrieved from the same area, it came up lying across the teeth of his machine's bucket; in this area Cooper had noticed pockets of black clay/mud - but could not say whether any had taken a linear course","Chertsey, Surrey, UK","51.386491","-0.5094560000000001","","None","None","None","","","","","","","","Continuation card from Chertsey, Surrey","","","","","","Hugh Fiske","https://farm8.staticflickr.com/7497/15865544436_7609b210cb_b.jpg","https://www.flickr.com/photos/MicroPasts/15865544436"
"26297","433","Ferrule","","","","","51.386491","-0.5094560000000001","","None","None","None","","","","","","","","","","","","","Circumstances cont'd: down to the base of his spoil tip; at the time he considers that he was definitely extracting fresh undisturbed ballast; at about the same time a Viking sword was retrieved from the same area, it came up lying across the teeth of his machine's bucket; in this area Copper had noticed pockets of black clay/mud - but could not say whether any had taken a linear course.","Joellen mcGann","https://farm8.staticflickr.com/7497/15865544436_7609b210cb_b.jpg","https://www.flickr.com/photos/MicroPasts/15865544436"
"26299","64","Ferrule Fragment","","Feb 1939,On loan to Littlehampton Museum","England,Sussex,Yapton,Flansham","Flansham, Bognor Regis, West Sussex PO22, UK","50.8029568","-0.6380877999999939","","None","None","None","47","16 external diameter","","27","very thin green","smooth","","","","2 socketed celts & 5 fragts; 2 socketed gouges & 1 fragt; 1 socketed knife fragt; 3 sword fragts; 1 ferrule; 1 spearhead VI fragt; 1 copper cake & 25 metal lumps.","Small part of tubular ferrule; both ends broken off, and one of them crushed slightly; no rivet-holes","Sussex Notes & Queries vii 78","","Hugh Fiske","https://farm8.staticflickr.com/7580/15703859368_620d14a932_b.jpg","https://www.flickr.com/photos/MicroPasts/15703859368"
"26299","433","Ferrule Fragment","","Feb. 1939,On loan to Littlehampton Museum","England,Sussex,Yapton,Flansham","Flansham, Bognor Regis, West Sussex PO22, UK","50.8029568","-0.6380877999999939","","None","None","None","47","14","","27","Very thin green patina","Smooth","","","","2 socketed celts + 5 fragments; 2 socketed gouges + 1 fragment; 1 socketed knife fragment; 3 sword fragments; 1 ferrule; 1 spearhead VI fragments; 1 copper cake; + 25 metal lumps.","Small part of tubular ferrule: both ends broken off, and one of them crushed slightly: no rivet-holes.","Sussex Notes + Queries, VII 78.","","Joellen mcGann","https://farm8.staticflickr.com/7580/15703859368_620d14a932_b.jpg","https://www.flickr.com/photos/MicroPasts/15703859368"
"26301","64","Ferrule","139","Feb 1939,On loan to Littlehampton Museum","England,Sussex,Yapton,Flansham","England,Sussex,Yapton,Flansham","50.8029568","-0.6380877999999939","","None","None","None","84","13 external diameter","","32","dull green and bronze","smooth generally, but with much encrustment near rivet-hole.","","","","2 socketed celts & 5 fragts; 2 socketed gouges & 1 fragt; 3 sword fragts; 1 ferrule fragt; 1 spearhead VI fragt; 1 copper cake & 25 metal lumps; 1 socketed knife fragt.","Tubular ferrule for spear-shaft. Circular section in centre; both ends crushed and broken off. One rivet hole only.","Sussex Notes & Queries vii 78","","Hugh Fiske","https://farm9.staticflickr.com/8576/15271719343_a3976441d8_b.jpg","https://www.flickr.com/photos/MicroPasts/15271719343"
"26301","433","Ferrule","","Feb. 1939,On loan to Littlehampton Museum","England,Sussex,Yapton,Flansham","Flansham, Bognor Regis, West Sussex PO22, UK","50.8029568","-0.6380877999999939","","None","None","None","84","13","","32","Dull green and bronze","Smooth generally, but with much encrustment near rivet-hole.","","","","2 socketed celts + 5 fragments; 2 socketed gouges + 1 fragment; 3 sword fragments; 1 ferrule fragment; 1 spearhed VI fragment; 1 copper cake + 25 metal lumps; 1 socketed knife fragment.","Tubular ferrule for spear-shaft circular section in centre; both ends embed and broken off. One rivet hole only.","Sussex Notes & Queries, VII, 78.","","Joellen mcGann","https://farm9.staticflickr.com/8576/15271719343_a3976441d8_b.jpg","https://www.flickr.com/photos/MicroPasts/15271719343"
"26302","64","Ferrule","London M.","Brentford Public Library,Layton Colln. O 1475,MUSEUM OF LONDON","Locality unknown","","50.8029568","-0.6380877999999939","","None","None","None","255","socket 21.25","","","some thick black patina at Rivet hole & rivet on the corresponding side","smooth golden bronze - tiny pittings all over.","socket 21","","","","Round in section to point,Wooden shaft in socket 222mm long, pierced with R. hole","","","Hugh Fiske","https://farm9.staticflickr.com/8575/15889367561_9408b7f7a6_b.jpg","https://www.flickr.com/photos/MicroPasts/15889367561"
"26302","433","Ferrule","","Brentford Public Library,Layton Collection, 01475,Now Museum of London","Locality unknown","","50.8029568","-0.6380877999999939","","None","None","None","255","21","","","Some thick black patina at Rivet hole + rivet on the corresponding side.","Smooth golden bronze - tiny pittings all over.","21","Width: 21.25mm","","","Round in section to point. Wooden shaft in socket 222mm long, pierced with R. hole.","","","Joellen mcGann","https://farm9.staticflickr.com/8575/15889367561_9408b7f7a6_b.jpg","https://www.flickr.com/photos/MicroPasts/15889367561"
"26304","64","Ferrule","London M.","Brentford Public Library,Layton Colln. O 1476,MUSEUM OF LONDON","Locality unknown","","50.8029568","-0.6380877999999939","","None","None","None","103","socket 16","","","blackish green","slightly pitted & probably water worn. Some chalky earth on the outside.","socket 16.25","","","","Rivet holes. Broken just above these - remainder of specimen is missing. Part of wooden shaft almost fills socket.","","","Hugh Fiske","https://farm9.staticflickr.com/8618/15890707632_f7d3915c77_b.jpg","https://www.flickr.com/photos/MicroPasts/15890707632"
"26304","433","Ferrule","","Brentford Public Library,Layton Collection, 01476,Museum of London","Locality unknown","","50.8029568","-0.6380877999999939","","None","None","None","103","16","","","Blackish green.","Slightly pitted and probably water worn. Some chalky earth on the outside.","16","Thickness: 16.25mm","","","Rivet holes. Broken just above these - remainder of specimen is missing. Part of wooden shaft almost fills socket.","","","Joellen mcGann","https://farm9.staticflickr.com/8618/15890707632_f7d3915c77_b.jpg","https://www.flickr.com/photos/MicroPasts/15890707632"
"26306","64","Ferrule","London M.","Brentford Public Library,Layton Colln. O 1477,MUSEUM OF LONDON","Locality unknown","","50.8029568","-0.6380877999999939","","None","None","None","48","11, 14","","","","very dark brown, thin","14","","","","This seems to have laid in water. A little soil in socket.","","","Hugh Fiske","https://farm8.staticflickr.com/7463/15865543736_59ed9e226e_b.jpg","https://www.flickr.com/photos/MicroPasts/15865543736"
"26306","433","Ferrule","","Brentford Public Library,Layton Collection, 01477,Museum of London","Locality unknown","","50.8029568","-0.6380877999999939","","None","None","None","48","11","","","Very dark brown, thin","Smooth","14","Width: 11mm; 14mm","","","This seems to have laid in water. A little soil in socket.","","","Joellen mcGann","https://farm8.staticflickr.com/7463/15865543736_59ed9e226e_b.jpg","https://www.flickr.com/photos/MicroPasts/15865543736"
"26308","64","Ferrule","London M.","Brentford Public Library,Layton Colln. O 1479,MUSEUM OF LONDON","Locality unknown","","50.8029568","-0.6380877999999939","","None","None","None","289","socket 15, below rivet hole 17","","","browny green, much stained with light soil.","a little corroded","socket 15","","","","One rivet hole. Slightly dented","","","Hugh Fiske","https://farm9.staticflickr.com/8670/15705588697_4843683d71_b.jpg","https://www.flickr.com/photos/MicroPasts/15705588697"
"26308","433","Ferrule","","Brentford Public Library,Layton Collection, 01479,Museum of London","Locality unknown","","50.8029568","-0.6380877999999939","","None","None","None","289","15","","","Browny green, much stained with light soil.","A little corroded.","15","Width: socket 15mm; below rivet hole 17mm","","","On rivet hole. Slightly dented.","","","Joellen mcGann","https://farm9.staticflickr.com/8670/15705588697_4843683d71_b.jpg","https://www.flickr.com/photos/MicroPasts/15705588697"
"26309","64","Ferrule of Spear","London M.","Brentford Public Library,Layton Collection.,1479","Locality unknown.","","50.8029568","-0.6380877999999939","","None","None","None","289","Diameter 17","","","browny green, much stained by light soil","Sl corroded","","","","","1 rivet-hole. Slightly dented","","","Hugh Fiske","https://farm8.staticflickr.com/7464/15891354345_e140556a9c_b.jpg","https://www.flickr.com/photos/MicroPasts/15891354345"
"26309","433","Ferrule of Spear","","London M,Brentford Public Library,Layton Collection,1479","Locality unknown","","50.8029568","-0.6380877999999939","","None","None","None","289","17","","","Browny green patina, much stained. Light soil","Slt. corroded","","","","","1 rivet-hole. Slightly dented.","","","Joellen mcGann","https://farm8.staticflickr.com/7464/15891354345_e140556a9c_b.jpg","https://www.flickr.com/photos/MicroPasts/15891354345"
"26311","64","Ferrule (spear)","London M.","Brentford Public Library,Layton Colln. O 1479,MUSEUM OF LONDON","Locality unknown","","50.8029568","-0.6380877999999939","","None","None","None","227","socket 15 / Pin or Rivet 22 long, 4 thick","","","dirty brown with green stains & chalky soil","","socket 16","","","","Part of the haft remains, with Pin right through it","","","Hugh Fiske","https://farm8.staticflickr.com/7487/15271717983_d89e912938_b.jpg","https://www.flickr.com/photos/MicroPasts/15271717983"
"26311","433","Ferrule (spear)","","London M.,Brentford Public Library,Layton Collection, 01479,Museum of London","Locality unknown","","50.8029568","-0.6380877999999939","","None","None","None","227","15","","","Dirty brown patina with green stains and chalky soil.","","16","Width: socket 15mm; pin or rivet: 22 long, 4 thick","","","Part of the haft remains, with pin right through it.","","","Joellen mcGann","https://farm8.staticflickr.com/7487/15271717983_d89e912938_b.jpg","https://www.flickr.com/photos/MicroPasts/15271717983"
"26313","64","Spear-ferrule","London M.","Brentford Public Library,Layton Collection,1479.","Locality unknown","","50.8029568","-0.6380877999999939","","None","None","None","227","Diameter 16","","","Dirty brown with green stains & chalky soil","","","","","","Rivet hole with rivet. Part of haft remaining.","","","Hugh Fiske","https://farm8.staticflickr.com/7527/15705321089_4e833a3039_b.jpg","https://www.flickr.com/photos/MicroPasts/15705321089"
"26313","433","Spear - ferrule","","London M.,Brentford Public Library,Layton Collection,1479","Locality unknown","","50.8029568","-0.6380877999999939","","None","None","None","227","16","","","Dirty brown patina with green stains and chalky soil.","","","","","","Rivet hole with rivet. Part of haft remaining.","","","Joellen mcGann","https://farm8.staticflickr.com/7527/15705321089_4e833a3039_b.jpg","https://www.flickr.com/photos/MicroPasts/15705321089"
"26315","64","Ferrule","London M.","Brentford Public Library,Layton Colln. O 1479B,MUSEUM OF LONDON","","","50.8029568","-0.6380877999999939","","None","None","None","92","socket 17","","","matte very dark brownish green","appears to have been taken from water.","socket 16","","","","Broken off at rivet hole - part missing. Remains of wooden shaft.","","","Hugh Fiske","https://farm8.staticflickr.com/7505/15865542346_c4ae93ffa2_b.jpg","https://www.flickr.com/photos/MicroPasts/15865542346"
"26315","433","Ferrule","","London M.,Brentford Public Library,Layton Collection, 01479B,Museum of London","Locality unkown","","50.8029568","-0.6380877999999939","","None","None","None","92","17","","","Matte patina very dark brownish green.","Appear to have been taken from water.","16","","","","Broken of at rivet hole - part missing. Remains of wooden shaft.","","","Joellen mcGann","https://farm8.staticflickr.com/7505/15865542346_c4ae93ffa2_b.jpg","https://www.flickr.com/photos/MicroPasts/15865542346"
"26316","64","Ferrule","","Brentford Public Library,Layton Colln. O 1479B,MUSEUM OF LONDON","Locality unknown","","50.8029568","-0.6380877999999939","","None","None","None","248","closed end 13 middle 17 socket 16.4","","","thick dark green matte patina which seems water worn.","","middle 16, socket 16","","","","Rivet hole right through. Part of wooden shaft remains.","","","Hugh Fiske","https://farm8.staticflickr.com/7532/15704061130_6255794af9_b.jpg","https://www.flickr.com/photos/MicroPasts/15704061130"
"26316","433","Ferrule","","London M.,Brentford Public Library,Layton Collection, 01479B,Museum of London","Locality unknown","","50.8029568","-0.6380877999999939","","None","None","None","248","13","","","","Thick dark green matte patina which seems water worn.","16","Width; closed end 13mm; middle 17mm; socket 16.5mm,Thickness: middle 16mm; socket 16mm","","","Rivet hole right through. Part of wooden shaft remains.","","","Joellen mcGann","https://farm8.staticflickr.com/7532/15704061130_6255794af9_b.jpg","https://www.flickr.com/photos/MicroPasts/15704061130"
"26318","64","Ferrule","London M.","Brentford Public Library,Layton Colln. O 1479B,MUSEUM OF LONDON","Locality unknown","","50.8029568","-0.6380877999999939","","None","None","None","282","closed end 16, middle 15.5, socket 16","","","","encrusted practically all over with soil & tiny stones. Dark brown & golden bronze shows","middle 16, socket 17","","","","The rivet remains in the holes. Socket end is filled with a chalky substance.","","","Hugh Fiske","https://farm9.staticflickr.com/8661/15271716633_b231bdec78_b.jpg","https://www.flickr.com/photos/MicroPasts/15271716633"
"26318","433","Ferrule","","London M.,Brentford Public Library,Layton Collection, 01479B,Museum of London","Locality unknown","","50.8029568","-0.6380877999999939","","None","None","None","282","16","16","","","Encrusted practically all over with soil and tiny stones. Dark brown + golden bronze shows.","","Width: closed end 16mm; middle 15.5mm; socket 16mm,Thickness: middle 16mm; socket 17mm","","","The rivet remains in the holes. Socket end is filled with a chalky substance.","","","Joellen mcGann","https://farm9.staticflickr.com/8661/15271716633_b231bdec78_b.jpg","https://www.flickr.com/photos/MicroPasts/15271716633"
"26320","64","Ferrule","London M.","Brentford Public Library,Layton Colln. O 1479B,MUSEUM OF LONDON","Locality unknown","","50.8029568","-0.6380877999999939","","None","None","None","251","closed end slightly over 12, middle 15, socket 15","","","dark brownish green","flat earth encrustment (as if this had laid on a river bed)","middle 15, socket 14.75","","","","Part of a wooden shaft remains.","","","Hugh Fiske","https://farm8.staticflickr.com/7556/15704060320_2e563b584b_b.jpg","https://www.flickr.com/photos/MicroPasts/15704060320"
"26320","433","Ferrule","","London M.,Brentford Public Library,Layton Collection, 01479B,Museum of London","Locality unknown","","50.8029568","-0.6380877999999939","","None","None","None","251","12","","","Dark brownish green.","Flat earth encrustment (as if this had laid on a river bed).","15","Width: closed end. slightly over 12mm; middle 15mm; socket 15mm,Thickness: middle 15mm; socket 14.75mm","","","Part of a wooden shaft remains.","","","Joellen mcGann","https://farm8.staticflickr.com/7556/15704060320_2e563b584b_b.jpg","https://www.flickr.com/photos/MicroPasts/15704060320"
"26322","64","Ferrule","London M.","Brentford Public Library,Layton Colln. O 1479B,MUSEUM OF LONDON","Locality unknown","","50.8029568","-0.6380877999999939","","None","None","None","269.5","closed end 13.75 middle 16, socket 16.75","","","dark green mottled, appears to be water worn.","smooth","middle 16 1/8, socket 16","","","","Part of wooden shaft remains.","","","Hugh Fiske","https://farm8.staticflickr.com/7525/15890707832_a7d3e9798e_b.jpg","https://www.flickr.com/photos/MicroPasts/15890707832"
"26322","433","Ferrule","","London M.,Brentford Public Library,Layton Collection, 01479B,Museum of London","Locality unknown","","50.8029568","-0.6380877999999939","","None","None","None","270","14","","","Dark green mottled. Appears to be water worn.","Smooth","16","Length: 269.5mm,Width: closed end 13.75mm; middle 16mm; socket 16.75mm,Thickness: middle 16 1/8mm; socket 16mm","","","Part of wooden shaft remains.","","","Joellen mcGann","https://farm8.staticflickr.com/7525/15890707832_a7d3e9798e_b.jpg","https://www.flickr.com/photos/MicroPasts/15890707832"
"26323","64","Ferrule","London M.","Brentford Public Library,Layton Colln. O 1479B,MUSEUM OF LONDON","Locality unknown","","50.8029568","-0.6380877999999939","","None","None","None","237","closed end 12, below rivet holes 18, socket 17","","","very dark green & very dark brown","slightly encrusted all over, dark green. Earth adheres. Water stained.","17.5,17 1/8","","","","Cast marks down sides, appears to have been made from a two part cast.","","","Hugh Fiske","https://farm8.staticflickr.com/7583/15704060080_733656301d_b.jpg","https://www.flickr.com/photos/MicroPasts/15704060080"
"26323","433","Ferrule","","London M.,Brentford Public Library,Layton Collection, 01479B,Museum of London","Locality unknown","","50.8029568","-0.6380877999999939","","None","None","None","237","12","","","Very dark green and very dark brown.","Slightly encrusted all over, dark green. Earth adheres. Water stained.","18","Width: closed end 12mm; below rivet holes 18mm; socket 17mm,Thickness: 17.5mm; 17 1/8mm","","","Cast marks down sides appears to have been made from a two piece cast.","","","Joellen mcGann","https://farm8.staticflickr.com/7583/15704060080_733656301d_b.jpg","https://www.flickr.com/photos/MicroPasts/15704060080"
"26325","64","Ferrule","London M.","Brentford Public Library,Layton Colln. O 1479B,MUSEUM OF LONDON","Locality unknown","","50.8029568","-0.6380877999999939","","None","None","None","268","middle 15.5,closed end 12,socket 15","","","medium green, dirty, matte.","slightly pitted. Seems water worn.","middle 16,socket 16","","","","2 holes for rivet. Part of wooden shaft remains.","","","Hugh Fiske","https://farm9.staticflickr.com/8627/15891354825_218e24fdeb_b.jpg","https://www.flickr.com/photos/MicroPasts/15891354825"
"26325","433","Ferrule","","London M.,Brentford Public Library,Layton Collection, 01479B,Museum of London","Locality unknown","","50.8029568","-0.6380877999999939","","None","None","None","268","16","","","Medium green, dirty, matte.","Slightly pitted. Seems water worn.","16","Width: middle 15.5mm; closed end 12mm; socket 15mm,Thickness: middle 16mm; socket 16mm","","","2 holes for rivet. Part of wooden shaft remains.","","","Joellen mcGann","https://farm9.staticflickr.com/8627/15891354825_218e24fdeb_b.jpg","https://www.flickr.com/photos/MicroPasts/15891354825"
"26327","64","FERRULE","","Brentford Public Library,Layton Colln. O 1242,MUSEUM OF LONDON","Locality unknown","","50.8029568","-0.6380877999999939","","None","None","None","161","middle 19 socket 16","","","blackish with greyish stains.","matte. Golden bronze shows where patina is chipped.","middle 10.75,socket 16","","","","Socket extends to the middle. A piece of shaft 42mm long remains.","","","Hugh Fiske","https://farm8.staticflickr.com/7518/15705586127_cd354755b5_b.jpg","https://www.flickr.com/photos/MicroPasts/15705586127"
"26327","433","Ferrule","","London M.,Brentford Public Library,Layton Collection, 01242,Museum of London","Locality unknown","","50.8029568","-0.6380877999999939","","None","None","None","161","19","","","Blackish patina with greyish stains.","Matte. Golden bronze shows where patina is chipped.","11","Width; middle 19mm; socket 16mm,Thickness: middle 10.75mm; socket 16mm","","","Socketed extends to the middle. A piece of shaft 42mm long remains.","","","Joellen mcGann","https://farm8.staticflickr.com/7518/15705586127_cd354755b5_b.jpg","https://www.flickr.com/photos/MicroPasts/15705586127"
"26329","64","Ferrule","","Pitt Rivers Museum, Farnham,bought at Christie's Ap.20.91","Locality unknown","","50.8029568","-0.6380877999999939","","None","None","None","179","end 32, socket 20","","85.05","","smooth dark bronze","32, 20.","","","","","","","Hugh Fiske","https://farm8.staticflickr.com/7472/15890704472_7a032df756_b.jpg","https://www.flickr.com/photos/MicroPasts/15890704472"
"26329","433","Ferrule","","Pitt Rivers Museum, Farnham,Bought at Christie's, Ap. 20. 91","Locality unknown","","50.8029568","-0.6380877999999939","","None","None","None","179","32","","85","","Smooth dark bronze.","32","Width: end 32mm; socket 20mm,Thickness: 32mm; 20mm,Weight; 85.05 gms","","","","","","Joellen mcGann","https://farm8.staticflickr.com/7472/15890704472_7a032df756_b.jpg","https://www.flickr.com/photos/MicroPasts/15890704472"
"26330","64","Ferrule","","Private,Lord Howard de Walden,Belgrave Square, SW.,1923","","","50.8029568","-0.6380877999999939","","None","None","None","85.5","socket 21","","60.24","thin green over brown bronze","smooth, tiny encrustment","socket 21","Site blank","","","Round in section. 2 Rivet holes","","","Hugh Fiske","https://farm9.staticflickr.com/8597/15705319079_e0813f945c_b.jpg","https://www.flickr.com/photos/MicroPasts/15705319079"
"26330","433","Ferrule","","Private Collection,1923,Lord Howard de Walden,Belgrave Square, SW","","","50.8029568","-0.6380877999999939","","None","None","None","86","21","","60","Thin green patina over brown bronze.","Smooth. Tiny encrustment.","21","Length: 85.5mm,Weight: 60.24 gms","","","Round in section. 2 rivet holes.","","","Joellen mcGann","https://farm9.staticflickr.com/8597/15705319079_e0813f945c_b.jpg","https://www.flickr.com/photos/MicroPasts/15705319079"
"26332","64","SPEAR FERRULE","I","Private,Michael Waterhouse,Yattendon Manor","BERKS,Yattendon - Yattendon Court,In digging foundations on Nov. 9 1878","Yattendon Court, Yattendon, Thatcham, West Berkshire RG18 0UT, UK","51.47201039999999","-1.1910648000000492","","9","11","1878","75","Lower end 20","","","","","","","","Part of a hoard of 60 pieces","","Proc. Soc. Antiq. VII 480,Archaeologia LXI 138,Archaeological Journal XXXV 183,Transactions Newbury Dist. Field Club II 255,Evans. S. Anc. Br. Imps. 169, 403, 466,H. Peake ""Berkshire"" p.57, 251,Vict. County Hist. Berks I. 196,Burgess, Coomb, Davies, 1972, 259 fig. 16.29","","Hugh Fiske","https://farm9.staticflickr.com/8612/15891354185_2f24f06f0f_b.jpg","https://www.flickr.com/photos/MicroPasts/15891354185"
"26332","433","Spear Ferrule","I","Private: Michael Waterhouse, Esq., Yattendon Manor","England,Berkshire,Yattendon,Yattendon Court,In digginf foundations of house, 1878","Yattendon Court, Yattendon, Thatcham, West Berkshire RG18 0UT, UK","51.47201039999999","-1.1910648000000492","","None","None","1878","75","20","","","","","","","","Part of a hoard of 60 pieces.","","Proc. Soc. Antiq. VII, 480,Archaeologia LXI, 138,Archaeological Journal XXXV, 183,Transactions Newbury Dist. Field Club, II, 255,Evans, J., Anc. Br. Imp., 169, 403, 466,H. Peake ""Berkshire"", p. 57, 251,VIct. Comm. Hist. Berks, I, 196.,Burgess, Coomb, Davies, 1972, 259, fig. 16.29","","Joellen mcGann","https://farm9.staticflickr.com/8612/15891354185_2f24f06f0f_b.jpg","https://www.flickr.com/photos/MicroPasts/15891354185"
